Publication_Number,Label
CN103052631A,1
CN105343098A,1
CN108348526A,1
CN107073005A,1
CN106573954A,1
CN110636884A,1
CN107074902A,1
CN106749272A,1
CN1646141A,1
CN101862345A,1
CN109288837A,1
CN105687226A,1
CN106573011A,1
CN105408341A,1
CN104203253A,1
CN107459544A,1
CN104114568A,1
CN107709344A,1
CN107108683A,1
CN106536538A,1
CN106491598A,1
CN106366029A,1
CN1552321A,1
CN1596892A,1
CN102357093A,1
CN104193669A,1
CN108743949A,1
CN108514564A,1
CN106928206A,1
CN101128469A,1
CN1938316A,1
CN1898248A,1
CN1834095A,1
CN105732748A,1
CN107033206A,1
CN101116670A,1
CN102068452A,1
CN103153314A,1
CN104185638A,1
CN1572298A,1
CN1546019A,1
CN102260205A,1
CN106074506A,1
CN1839829A,1
CN1792362A,1
CN103083227A,1
CN1475223A,1
CN1452982A,1
CN1488634A,1
CN103230404A,1
CN103211826A,1
CN102641266A,1
CN108066344A,1
CN103655571A,1
CN109789140A,1
CN110325192A,1
CN101163479A,1
CN102772380A,1
CN101919858A,1
CN102131815A,1
CN104230877A,1
CN106749084A,1
CN104311503A,1
CN1554647A,1
CN107474045A,1
CN102573815A,1
CN101497608A,1
CN102260243A,1
CN106588755A,1
CN110536889A,1
CN1980666A,1
CN101565398A,1
CN106029058A,1
CN104250223A,1
CN102274231A,1
CN1822841A,1
CN1693304A,1
CN101820865A,1
CN101790371A,1
CN102725295A,1
CN1668292A,1
CN1984654A,1
CN101440091A,1
CN101336107A,1
CN104069108A,1
CN1980907A,1
CN1285747A,1
CN104411300A,1
CN104250224A,1
CN104250225A,1
CN101391978A,1
CN102917695A,1
CN101778624A,1
CN101795674A,1
CN101801348A,1
CN101778625A,1
CN1547476A,1
CN108324716A,1
CN104224807A,1
CN102424668A,1
CN101711237A,1
CN104884050A,1
CN1723025A,1
CN104496857A,1
CN108101804A,1
CN104387288A,1
CN104402754A,1
CN104284884A,1
CN106905193A,1
,1
CN101610772A,1
CN1594300A,1
CN106632134A,1
CN104257654A,1
CN101904859A,1
CN101891785A,1
CN101897715A,1
CN101906122A,1
CN101899078A,1
CN101890037A,1
CN101890038A,1
CN108794442A,1
CN108794441A,1
CN105949158A,1
CN102659615A,1
CN103833570A,1
CN102652017A,1
CN1450990A,1
CN102232069A,1
CN106432031A,1
CN105085455A,1
CN103830233A,1
CN103739599A,1
CN103755697A,1
CN103705511A,1
CN103705508A,1
CN104744415A,1
CN104224770A,1
CN104080450A,1
CN103533929A,1
CN103108861A,1
CN102204914A,1
CN102532080A,1
CN101570521A,1
CN102036658A,1
CN101787008A,1
CN101486664A,1
CN101362744A,1
CN102127041A,1
CN1850815A,1
CN1343205A,1
CN1328546A,1
CN1238783A,1
CN1205011A,1
CN101953835A,1
CN103260615A,1
CN101773491A,1
CN102225058A,1
CN108078980A,1
CN102526086A,1
CN102633850A,1
CN102600194A,1
CN103720650A,1
CN104490801A,1
CN104857007A,1
CN104306366A,1
CN106608874A,1
CN106317049A,1
CN105837632A,1
CN107325040A,1
CN107286133A,1
CN107141267A,1
CN107235927A,1
CN107011337A,1
CN107118176A,1
CN106892852A,1
CN105693665A,1
CN105622558A,1
CN105541859A,1
CN105777664A,1
CN105541591A,1
CN105669589A,1
CN105541752A,1
CN105198866A,1
CN104817539A,1
CN104817491A,1
CN104788369A,1
CN104666324A,1
CN105982889A,1
CN105985332A,1
CN103923060A,1
CN104771399A,1
CN104774199A,1
CN103304437A,1
CN103224464A,1
CN104640540A,1
CN103845316A,1
CN102964267A,1
CN103068378A,1
CN101883569A,1
CN110183433A,1
CN110156704A,1
CN110229081A,1
CN110272381A,1
CN110183349A,1
CN109776354A,1
CN109265503A,1
CN109106700A,1
CN109453155A,1
CN109053607A,1
CN109053606A,1
CN108774115A,1
CN108863972A,1
CN108864073A,1
CN108530439A,1
CN108546254A,1
CN108774193A,1
CN108503604A,1
CN108299462A,1
CN108299316A,1
CN110041186A,1
CN110015979A,1
CN108047160A,1
CN107987033A,1
CN107827830A,1
CN109305979A,1
CN109293644A,1
CN107382811A,1
CN109020825A,1
CN107007583A,1
CN109071567A,1
CN107286149A,1
CN107286115A,1
CN107286147A,1
CN108689961A,1
CN107056636A,1
CN108299246A,1
CN106748872A,1
CN106496100A,1
CN109069471A,1
CN107954963A,1
CN1820744A,1
CN102014878A,1
CN103340835A,1
CN106074498A,1
CN105832755A,1
CN106176728A,1
CN106187933A,1
CN106892920A,1
CN108478562A,1
CN108721271A,1
CN108478571A,1
CN108324715A,1
CN108721293A,1
CN108721292A,1
CN1909894A,1
CN1563010A,1
CN1816538A,1
CN1768074A,1
CN1949977A,1
CN1859919A,1
CN1457777A,1
CN1449823A,1
CN102438604A,1
CN101784272A,1
CN107281210A,1
CN1621038A,1
CN103429245A,1
CN109640968A,1
CN106265684A,1
CN105616437A,1
CN105837594A,1
CN108424386A,1
CN103156828A,1
CN103159665A,1
CN103120699A,1
CN108785293A,1
CN105412151A,1
CN103156830A,1
CN103159666A,1
CN103230393A,1
CN106166153A,1
CN105837487A,1
CN1798553A,1
CN1569841A,1
CN1457876A,1
CN102247341A,1
CN1965833A,1
CN1736986A,1
CN1460474A,1
CN1600308A,1
CN1454593A,1
CN1476836A,1
CN1211184A,1
CN1644199A,1
CN105555276A,1
CN104321063A,1
CN104069090A,1
CN102655859A,1
CN1699354A,1
CN1699355A,1
CN101401807A,1
CN101390868A,1
CN101511352A,1
CN1875969A,1
CN1990479A,1
CN1830449A,1
CN1660807A,1
CN1721387A,1
CN1838947A,1
CN1634954A,1
CN1454592A,1
CN1552690A,1
CN1449753A,1
CN1449751A,1
CN1565431A,1
CN1579377A,1
CN101237853A,1
CN101128424A,1
CN101090711A,1
CN1946428A,1
CN1922137A,1
CN1889960A,1
CN1882332A,1
CN1897928A,1
CN101759628A,1
CN1845911A,1
CN1658884A,1
CN106431960A,1
CN106432400A,1
CN108014101A,1
CN109453155A,1
CN106166151A,1
CN105769877A,1
CN104814973A,1
CN106562939A,1
CN106562957A,1
CN106138040A,1
CN107898783A,1
CN107898778A,1
CN108354923A,1
CN109336805A,1
CN109111405A,1
CN107151231A,1
CN110041283A,1
CN107176921A,1
CN103992290A,1
CN106581052A,1
CN109952305A,1
CN109790145A,1
CN108602842A,1
CN103054884A,1
CN101390869A,1
CN108938637A,1
CN106860471A,1
CN104825479A,1
CN108299530A,1
CN109745309A,1
CN107922343A,1
CN103347848A,1
CN110637016A,1
CN110041327A,1
CN101843612A,1
CN104721221A,1
CN104771393A,1
CN104840457A,1
CN104490909A,1
CN105979951A,1
CN109106712A,1
CN107050010A,1
CN101982171A,1
CN106943416A,1
CN107089913A,1
CN110041186A,1
CN102743409A,1
CN102488697A,1
CN105535012A,1
CN105560268A,1
CN108420815A,1
CN107158005A,1
CN107095878A,1
CN102099028A,1
CN101443330A,1
CN102697800A,1
CN103211829A,1
CN101157717A,1
CN102219686A,1
CN1301158A,1
CN1281441A,1
CN105311009A,1
CN101914074A,1
CN1759833A,1
CN1434052A,1
CN1560035A,1
CN1370159A,1
CN101084892A,1
CN1994299A,1
CN1493277A,1
CN1552346A,1
CN101385741A,1
CN101385740A,1
CN1843341A,1
CN1843340A,1
CN1843349A,1
CN1843348A,1
CN103626705A,1
CN105646629A,1
CN104306366A,1
CN1785184A,1
CN106967175A,1
CN101942026A,1
CN1593648A,1
CN1777620A,1
CN101137391A,1
CN101001644A,1
CN105770862A,1
CN105770863A,1
CN105920586A,1
CN105853999A,1
CN105816857A,1
CN104667263A,1
CN103721244A,1
CN103690934A,1
CN102716105A,1
CN102416168A,1
CN102416165A,1
CN102416166A,1
CN102416167A,1
CN102430112A,1
CN101116670A,1
CN1539500A,1
CN1539501A,1
CN1569225A,1
CN1449820A,1
CN103341160A,1
CN107050431A,1
CN104151420A,1
CN1548149A,1
CN1535724A,1
CN1832755A,1
CN1784422A,1
CN1533808A,1
CN1444993A,1
CN1589898A,1
CN1589899A,1
CN1478545A,1
CN1935256A,1
CN1927389A,1
CN1927388A,1
CN1596973A,1
CN1569223A,1
CN1552441A,1
CN1471970A,1
CN1513548A,1
CN1443573A,1
CN1443572A,1
CN1410126A,1
CN1798572A,1
CN1579545A,1
CN103702680A,1
CN102883741A,1
CN101437534A,1
CN105688190A,1
CN106729634A,1
CN108697764A,1
CN106535922A,1
CN102416164A,1
CN101703762A,1
CN1225016A,1
CN1911963A,1
CN1903878A,1
CN1664100A,1
CN1867667A,1
CN102021147A,1
CN1761745A,1
CN101575361A,1
CN1449832A,1
CN1519257A,1
CN109666070A,1
CN104628849A,1
CN104628848A,1
CN107298712A,1
CN105859882A,1
CN106380517A,1
CN104447986A,1
CN103864924A,1
CN106478814A,1
CN106414496A,1
CN1621415A,1
CN1513874A,1
CN1566155A,1
CN1826356A,1
CN101102794A,1
CN102015767A,1
CN101370516A,1
CN101522208A,1
CN102690336A,1
CN101085811A,1
CN101076591A,1
CN1746183A,1
CN1572799A,1
CN1616485A,1
CN1580072A,1
CN1680432A,1
CN1938420A,1
CN1914226A,1
CN1566143A,1
CN1465589A,1
CN1566342A,1
CN1572798A,1
CN1852921A,1
CN1488646A,1
CN1472321A,1
CN1442203A,1
CN1449833A,1
CN1556113A,1
CN1621417A,1
CN1488645A,1
CN107245095A,1
CN107022008A,1
CN1816538A,1
CN108395471A,1
CN105535927A,1
CN1454666A,1
CN1589896A,1
CN1815234A,1
CN104072592A,1
CN110294808A,1
CN109160937A,1
CN108822190A,1
CN108409834A,1
CN110305189A,1
CN108484727A,1
CN110234337A,1
CN108699113A,1
CN106399319A,1
CN107592865A,1
CN104974234A,1
CN109553688A,1
CN104321337A,1
CN102690335A,1
CN102268072A,1
CN101481406A,1
CN105237629A,1
CN101456910A,1
CN102675429A,1
CN1741810A,1
CN1541707A,1
CN1566142A,1
CN1488641A,1
CN1480213A,1
CN1560074A,1
CN101080237A,1
CN1777438A,1
CN102757500A,1
CN103648491A,1
CN103052647A,1
CN101979594A,1
CN102439028A,1
CN101411866A,1
CN101353668A,1
CN101186637A,1
CN101240032A,1
CN1315963A,1
CN102453712A,1
CN108291258A,1
CN104887694A,1
CN101113158A,1
CN1922330A,1
CN1648249A,1
CN1704123A,1
CN1609116A,1
CN1609117A,1
CN1569878A,1
CN1465584A,1
CN1458281A,1
CN1590545A,1
CN1548054A,1
CN105087732A,1
CN105079226A,1
CN103156890A,1
CN101099804A,1
CN101701245A,1
CN101063234A,1
CN101921823A,1
CN101418334A,1
CN1872195A,1
CN1448179A,1
CN102762218A,1
CN1460513A,1
CN1754554A,1
CN1754555A,1
CN1454666A,1
CN1483463A,1
CN1650993A,1
CN1488380A,1
CN1726981A,1
,1
CN1456335A,1
CN1596926A,1
CN1596925A,1
CN103156902A,1
CN103156921A,1
CN1901921A,1
CN1452978A,1
CN1771997A,1
CN105395712A,1
CN104258116A,1
CN1444989A,1
CN1486699A,1
CN1925863A,1
CN1480177A,1
CN1475264A,1
CN101095746A,1
CN101744870A,1
CN1539452A,1
CN101088533A,1
CN1460514A,1
CN101199805A,1
CN1541707A,1
CN101040967A,1
CN1522749A,1
CN1569052A,1
CN1480194A,1
CN1451434A,1
CN1470270A,1
CN1454665A,1
CN1457839A,1
CN1451423A,1
CN1559488A,1
CN1471914A,1
CN1579467A,1
CN1449813A,1
CN1548146A,1
CN110179868A,1
CN103372139A,1
CN103372138A,1
CN103728331A,1
CN107964053A,1
CN103393928A,1
CN108159297A,1
CN103118686A,1
CN1682842A,1
CN104825622A,1
CN109432199A,1
CN103028001A,1
CN102327521A,1
CN102266389A,1
CN102451253A,1
CN101406522A,1
CN102573870A,1
CN108339017A,1
CN102631658A,1
CN102416038A,1
CN102357176A,1
CN102319294A,1
CN102908594A,1
CN102210737A,1
CN102302685A,1
CN102293826A,1
CN102210773A,1
CN101653531A,1
CN1456341A,1
CN102198192A,1
CN109512974A,1
CN108498655A,1
CN107550953A,1
CN105770074A,1
CN105250746A,1
CN102139051A,1
CN102106914A,1
CN102100752A,1
CN102068492A,1
CN102166276A,1
CN102462798A,1
CN101991680A,1
CN101623319A,1
CN101647993A,1
CN102058666A,1
CN101322810A,1
CN101293012A,1
CN101310735A,1
CN102293883A,1
CN101791338A,1
CN102266403A,1
CN101537056A,1
CN101185707A,1
CN101721614A,1
CN101357146A,1
CN1698665A,1
CN101091733A,1
CN101152202A,1
CN1556108A,1
CN101190282A,1
CN101897751A,1
CN101204424A,1
CN101172127A,1
CN101664441A,1
CN1669572A,1
CN101134056A,1
CN1966051A,1
CN101007084A,1
CN101007041A,1
CN1628738A,1
CN1827126A,1
CN1660367A,1
CN1634436A,1
CN1636584A,1
CN1541652A,1
CN101480429A,1
CN103156961A,1
CN102397458A,1
CN1539491A,1
CN1515301A,1
CN1565567A,1
CN101049424A,1
CN1513508A,1
CN1634479A,1
CN1456335A,1
CN1456201A,1
CN1616051A,1
CN1616049A,1
CN1745784A,1
CN1626224A,1
CN110384785A,1
CN106421314A,1
CN101797246A,1
CN104958419A,1
CN107184885A,1
CN107184886A,1
CN1769292A,1
CN104623543A,1
CN104491059A,1
CN104274643A,1
CN103599505A,1
CN103301196A,1
CN103961441A,1
CN102961469A,1
CN103479758A,1
CN102166280A,1
CN101862358A,1
CN101862357A,1
CN102579515A,1
CN101991694A,1
CN101862391A,1
CN104027401A,1
CN101698005A,1
CN109125351A,1
CN105998599A,1
CN101926755A,1
CN101480451A,1
CN108459096A,1
CN1493337A,1
CN101884651A,1
CN101879197A,1
CN101816706A,1
CN101744985A,1
CN101732471A,1
CN101717692A,1
CN101698054A,1
CN101695512A,1
CN101647885A,1
CN102099028A,1
CN101352534A,1
CN101028331A,1
CN101085795A,1
CN1772044A,1
CN1742845A,1
CN1919270A,1
CN1907350A,1
CN1839862A,1
CN1552433A,1
CN1569122A,1
CN1679657A,1
CN1623590A,1
CN1480171A,1
CN1398616A,1
CN1448174A,1
CN1354010A,1
CN1733125A,1
CN107669780A,1
CN101181602A,1
CN101385833A,1
CN101361891A,1
CN101361810A,1
CN104840786A,1
CN101816752A,1
CN1452974A,1
CN101491565A,1
CN1600329A,1
CN1453026A,1
CN1415324A,1
CN1410115A,1
CN106039277A,1
CN1876099A,1
CN103446314A,1
CN105362766A,1
CN104435231A,1
CN1157162A,1
CN1078152A,1
CN105726561A,1
CN102293807A,1
CN102078275A,1
CN1698847A,1
CN1824176A,1
CN1548041A,1
CN1539451A,1
CN1657043A,1
CN1493342A,1
CN1814011A,1
CN107158052A,1
CN107281235A,1
CN110327397A,1
CN110478440A,1
CN109771606A,1
CN110101720A,1
CN104383041A,1
CN101564475A,1
CN1718232A,1
CN104138450A,1
CN1723922A,1
CN101485647A,1
CN101361941A,1
CN105535135A,1
CN103860644A,1
CN105412646A,1
CN108210582A,1
CN105194419A,1
CN102940686A,1
CN107913299A,1
CN105816583A,1
CN103735599A,1
CN103623076A,1
CN103169891A,1
CN108553576A,1
CN105663237A,1
CN103655755A,1
CN104274750A,1
CN101695511A,1
CN101669979A,1
CN101129455A,1
CN104547889A,1
CN106038790A,1
CN110115739A,1
CN104623349A,1
CN104623350A,1
CN103463183A,1
CN104435294A,1
CN103948625A,1
CN105343481A,1
CN108245586A,1
CN104069197A,1
CN103040939A,1
CN106377600A,1
CN106421722A,1
CN103356728A,1
CN103520632A,1
CN103417593A,1
CN104248654A,1
CN101690755A,1
CN105267325A,1
CN104825852A,1
CN104623082A,1
CN103690761A,1
CN102429946A,1
CN102228546A,1
CN104352745A,1
CN104225500A,1
CN104161902A,1
CN103623042A,1
CN103189065A,1
CN102335373A,1
CN103768425A,1
CN103120721A,1
CN102836200A,1
CN102755386A,1
CN103505569A,1
CN103656122A,1
CN1867667A,1
CN1572875A,1
CN102021147A,1
CN101020055A,1
CN102227442A,1
CN105939730A,1
CN105543248A,1
CN105273067A,1
CN106928326A,1
CN110616198A,1
CN1977045A,1
CN1449830A,1
CN1449826A,1
CN1657102A,1
CN1572328A,1
CN1572323A,1
CN101085986A,1
CN101039955A,1
CN1981032A,1
CN1727486A,1
CN1826356A,1
CN1918288A,1
CN1798844A,1
CN1562366A,1
CN1562365A,1
CN101022827A,1
CN1829736A,1
CN106928326A,1
CN1815234A,1
CN1906302A,1
CN104293740A,1
CN103805636A,1
CN104292338A,1
CN107058377A,1
CN105169384A,1
CN105555306A,1
CN103554235A,1
CN101057975A,1
CN105934441A,1
CN1884303A,1
CN101022827A,1
CN1752099A,1
CN1609617A,1
CN1749277A,1
CN1608673A,1
CN1607207A,1
CN1631896A,1
CN1580073A,1
CN1618802A,1
CN1613870A,1
CN1600791A,1
CN1603346A,1
CN1597964A,1
CN1566144A,1
CN1566346A,1
CN1566158A,1
CN1475571A,1
CN1548452A,1
CN1552731A,1
CN1791427A,1
CN1570101A,1
CN1570115A,1
CN101076591A,1
CN104292339A,1
CN1796564A,1
CN1796565A,1
CN101100680A,1
CN1616110A,1
CN1566335A,1
CN1616654A,1
CN1569228A,1
CN1990042A,1
CN1775287A,1
CN1798553A,1
CN101283088A,1
CN1621416A,1
CN1566114A,1
CN1620500A,1
CN108884447A,1
CN106536723A,1
CN105349498A,1
CN1840188A,1
CN101248174A,1
CN1686563A,1
CN103348007A,1
CN106119213A,1
CN101087885A,1
CN1820020A,1
CN1469126A,1
CN1472342A,1
CN1468965A,1
CN1768140A,1
CN1514010A,1
CN1598580A,1
CN103484565A,1
CN1768074A,1
CN1570647A,1
CN102732638A,1
CN109536642A,1
CN102181583A,1
CN108842001A,1
CN109097488A,1
CN106676197A,1
CN105925729A,1
CN105861756A,1
CN105671209A,1
CN105861744A,1
,1
CN103756974A,1
CN101085812A,1
CN101107366A,1
CN1982474A,1
CN1483818A,1
CN1483836A,1
CN1552729A,1
CN1981032A,1
CN1609617A,1
CN1746183A,1
CN101006186A,1
CN1906306A,1
CN1597987A,1
CN1826356A,1
CN1860240A,1
CN1813064A,1
CN1806175A,1
CN1442488A,1
CN1445549A,1
CN1802438A,1
CN1450173A,1
CN1597984A,1
CN1598581A,1
CN1493702A,1
CN1570139A,1
CN1802440A,1
CN1611612A,1
CN1566367A,1
CN1896272A,1
CN103710462A,1
CN103710461A,1
CN1618982A,1
CN105039598A,1
CN105543409A,1
CN105463129A,1
CN104818344A,1
CN104911278A,1
CN1766614A,1
CN1955308A,1
CN1932502A,1
CN101076591A,1
CN1629318A,1
CN1563995A,1
CN1829736A,1
CN101186920A,1
CN1621416A,1
CN1609230A,1
CN1465584A,1
,1
CN104498636A,1
CN104561377A,1
CN104059996A,1
CN104059997A,1
CN101985665A,1
CN101603096A,1
CN101533020A,1
CN101801993A,1
CN101037712A,1
CN1482461A,1
CN1460855A,1
CN1454996A,1
CN1450164A,1
CN1472332A,1
CN1616682A,1
CN105567874A,1
CN105483290A,1
,1
CN107557497A,1
CN102827950A,1
CN102367491A,1
CN102140559A,1
CN102221611A,1
CN107304416A,1
CN104894290A,1
CN1566334A,1
CN105713993A,1
CN104846125A,1
CN105018644A,1
CN105624335A,1
CN103255231A,1
CN103205509A,1
CN101415844A,1
CN105734168A,1
CN104342503A,1
CN101415843A,1
CN107090519A,1
CN106868220A,1
CN106868213A,1
CN110157839A,1
CN110144422A,1
CN108060266A,1
CN105112559A,1
CN110468237A,1
CN109371174A,1
CN110699493A,1
CN110564893A,1
CN110499391A,1
CN110468234A,1
CN110283938A,1
CN109988869A,1
CN1690224A,1
CN1761745A,1
CN109355437A,1
CN108950083A,1
CN108752452A,1
CN108676917A,1
CN107557496A,1
,1
CN106979940A,1
CN108350511A,1
CN105671006A,1
CN106636454A,1
CN105388288A,1
CN103484564A,1
CN102608090A,1
CN102021145A,1
CN101504414A,1
CN110241265A,1
CN110512027A,1
CN110079637A,1
CN110093461A,1
CN109517926A,1
CN109161613A,1
CN108866243A,1
CN108913815A,1
CN105420412A,1
CN105400910A,1
CN105483291A,1
CN107201345A,1
CN107245532A,1
CN107245533A,1
CN107326101A,1
CN109868331A,1
,1
CN109593889A,1
CN109457053A,1
CN109609691A,1
CN108893559A,1
CN108411040A,1
CN108315490A,1
CN108531649A,1
CN108531648A,1
CN108277298A,1
CN108060272A,1
CN108559789A,1
CN108085417A,1
CN107630109A,1
CN107586884A,1
CN107557494A,1
CN108374056A,1
CN107460255A,1
CN107033250A,1
CN107022650A,1
CN106967845A,1
CN109439799A,1
CN110361542A,1
CN109913423A,1
CN109655621A,1
CN109796531A,1
CN109112111A,1
CN1552731A,1
CN1488646A,1
CN1590409A,1
CN1566143A,1
CN104447986A,1
CN105859882A,1
CN1570638A,1
CN1768140A,1
CN1903878A,1
CN1469126A,1
CN106518989A,1
CN108318686A,1
CN109112111A,1
CN109796531A,1
CN109970851A,1
CN101993856A,1
CN1488645A,1
CN1580772A,1
CN1590409A,1
CN1453589A,1
CN1453590A,1
CN1661372A,1
CN1552729A,1
CN1771056A,1
CN1557838A,1
CN101186920A,1
CN101283093A,1
CN1621416A,1
CN1673231A,1
CN1699421A,1
CN1902230A,1
CN1914226A,1
CN1552851A,1
,1
CN1938420A,1
CN1552730A,1
CN101017173A,1
CN105120986A,1
CN101595227A,1
CN101281163A,1
CN1766581A,1
CN101004376A,1
CN102824854A,1
CN106102872A,1
CN102423636A,1
CN1828275A,1
,1
CN101046458A,1
CN105911183A,1
CN104303054A,1
CN103781907A,1
CN103392128A,1
CN101821379A,1
CN105792907A,1
,1
CN104813165A,1
CN102238991A,1
CN103282121A,1
CN109569532A,1
CN105214596A,1
CN103657617A,1
CN101912768A,1
CN105642239A,1
CN106607013A,1
CN106512958A,1
CN106925223A,1
CN104487573A,1
CN110292913A,1
CN110170182A,1
CN110087478A,1
CN105771890A,1
CN110548489A,1
CN108031442A,1
CN108031457A,1
CN101050464A,1
CN105358688A,1
CN107441771A,1
CN104311888A,1
CN104209087A,1
CN103908945A,1
CN105112404A,1
CN108479705A,1
CN106146627A,1
CN104624167A,1
CN107029452A,1
CN109312392A,1
CN110249048A,1
CN102686995A,1
CN1938423A,1
CN101571527A,1
CN102822340A,1
CN101684138A,1
CN101619090A,1
CN101878294A,1
CN1922310A,1
CN102836698A,1
CN1198104A,1
CN101090764A,1
CN101042374A,1
CN101042377A,1
CN105561914A,1
CN101920129A,1
CN106179280A,1
CN106754732A,1
CN101042376A,1
CN101717421A,1
CN101086502A,1
CN106349312A,1
CN1680802A,1
CN105392900A,1
CN109715259A,1
,1
CN101003825A,1
CN109562385A,1
CN109562383A,1
CN109562384A,1
CN106076449A,1
CN107233943A,1
CN107649228A,1
CN106457252A,1
CN105828950A,1
CN106190806A,1
CN101241075A,1
CN110267744A,1
CN102933300A,1
CN101675170A,1
CN110702933A,1
CN105658333A,1
CN107810060A,1
CN107377025A,1
CN103635569A,1
CN109661273A,1
CN109642198A,1
CN108883417A,1
CN108136393A,1
CN110088294A,1
CN109642251A,1
CN109482246A,1
CN108541225A,1
CN107604040A,1
CN104411408A,1
CN104114282A,1
CN106140338A,1
CN103221135A,1
CN106906137A,1
CN108472653A,1
CN107619781A,1
CN105188938A,1
CN101379194A,1
CN101143341A,1
CN106461554A,1
CN101104841A,1
CN101104842A,1
CN1153536A,1
,1
CN103249488A,1
CN108970659A,1
CN103189751A,1
CN109475835A,1
CN107921433A,1
CN108124454A,1
CN108076644A,1
,1
CN104487573A,1
CN106457239A,1
CN102368952A,1
CN110461395A,1
CN105530860A,1
CN104936643A,1
CN109803708A,1
CN101874734A,1
CN110461398A,1
CN108348718A,1
CN110191736A,1
CN108290018A,1
CN105031787A,1
CN104874080A,1
CN104826207A,1
CN105451799A,1
CN105358204A,1
CN105324144A,1
CN105210118A,1
CN103920215A,1
CN104884112A,1
CN104870039A,1
CN104797284A,1
CN104379201A,1
CN104136065A,1
CN104114217A,1
CN104135924A,1
CN104080503A,1
CN103974736A,1
,1
CN103930149A,1
CN103945888A,1
CN103826681A,1
,1
CN102500030A,1
CN102178993A,1
CN101856534A,1
CN102245248A,1
CN107961423A,1
CN107847704A,1
CN107205694A,1
CN106620987A,1
CN106535975A,1
CN105555345A,1
CN105209099A,1
CN104955511A,1
CN104936644A,1
CN104884113A,1
,1
CN110520183A,1
CN109152901A,1
CN106975134A,1
CN108290019A,1
CN108430555A,1
CN108348714A,1
CN107690310A,1
CN107743373A,1
,1
,1
CN106267493A,1
CN106178220A,1
,1
,1
,1
CN106310472A,1
CN104721929A,1
CN104902947A,1
,1
CN109646783A,1
CN109621120A,1
CN109996579A,1
CN109922854A,1
CN106725337A,1
CN109966607A,1
CN109620235A,1
CN109621125A,1
CN109621123A,1
CN108543180A,1
CN108211076A,1
CN104507522A,1
CN101075431A,1
CN102215891A,1
CN103068430A,1
CN102186524A,1
CN104144723A,1
,1
CN1838975A,1
CN103182126A,1
CN102266614A,1
CN105813678A,1
,1
CN102725016A,1
,1
,1
CN106488784A,1
CN106456052A,1
CN104874070A,1
CN105392514A,1
CN107847701A,1
CN104203093A,1
CN105209099A,1
CN106073717A,1
CN104302338A,1
CN107427655A,1
CN110464937A,1
CN110180062A,1
CN107647868A,1
CN106050742A,1
CN106573122A,1
CN105579923A,1
CN105392516A,1
CN105190706A,1
CN105378802A,1
,1
CN103764213A,1
CN103619391A,1
CN103930168A,1
CN103476446A,1
CN103442763A,1
CN102931798A,1
CN103379856A,1
CN103260686A,1
CN103189088A,1
CN103068428A,1
CN103068429A,1
CN103052421A,1
CN102802711A,1
CN102847215A,1
CN102762248A,1
CN102844069A,1
CN102665810A,1
CN102740916A,1
CN101954139A,1
CN102264425A,1
CN102256650A,1
CN102256649A,1
CN102245246A,1
CN102245099A,1
CN102186525A,1
CN102105189A,1
CN102083492A,1
CN102014998A,1
CN102114290A,1
CN101884046A,1
CN101842128A,1
CN101516427A,1
CN101296722A,1
CN101252965A,1
CN101132824A,1
CN101102807A,1
CN101104091A,1
CN101065159A,1
CN1988930A,1
CN109152904A,1
CN106975135A,1
CN106840734A,1
CN108348722A,1
CN108348717A,1
CN108136150A,1
,1
CN106362257A,1
CN106267494A,1
CN106039510A,1
CN105999490A,1
CN105854141A,1
CN107106806A,1
CN107106083A,1
CN107106800A,1
CN107106019A,1
CN106061381A,1
CN106029141A,1
,1
CN105457135A,1
CN105396208A,1
CN102202715A,1
CN108601677A,1
CN108601679A,1
CN108883246A,1
CN102227231A,1
CN102781504A,1
CN104203323A,1
CN104822409A,1
CN105611961A,1
CN101951983A,1
CN102196837A,1
CN104703646A,1
CN104519937A,1
CN104274894A,1
CN101171047A,1
CN101478925A,1
CN107427656A,1
CN102811756A,1
CN101146565A,1
CN101146564A,1
CN103357097A,1
CN102058925A,1
CN105764559A,1
CN104010686A,1
CN104010687A,1
CN102596298A,1
CN102245247A,1
CN101951983A,1
CN102427843A,1
CN101579550A,1
CN107296737A,1
,1
CN101788793A,1
CN103948497A,1
,1
,1
,1
,1
,1
,1
,1
CN102552015A,1
,1
,1
,1
,1
,1
,1
,1
,1
,1
CN102100594A,1
CN101264726A,1
,1
CN105579012A,1
,1
,1
,1
,1
,1
,1
CN102743264A,1
,1
,1
,1
,1
,1
,1
,1
,1
,1
,1
CN110123544A,1
,1
,1
,1
,1
,1
,1
CN110486868A,1
CN109914903A,1
CN1704036A,1
,1
CN107898563A,1
CN110667854A,1
CN110141441A,1
CN109498325A,1
CN109172166A,1
CN109124902A,1
,1
,1
,1
,1
,1
,1
,1
,1
,1
,1
,1
,1
CN1623525A,1
,1
,1
,1
,1
,1
,1
,1
,1
,1
,1
,1
,1
,1
,1
,1
,1
,1
,1
CN103501834A,1
CN103209722A,1
CN103491993A,1
CN106999643A,1
CN109475676A,1
CN105899245A,1
CN103491992A,1
CN106029118A,1
CN103547298A,1
CN105916534A,1
CN105828848A,1
CN106999645A,1
CN106714866A,1
CN104602723A,1
CN106659836A,1
CN110035780A,1
CN109996572A,1
CN109793956A,1
CN106573096A,1
CN110121370A,1
CN110099705A,1
CN109195645A,1
CN107635597A,1
CN109689125A,1
CN101569766A,1
CN102886082A,1
,1
CN104800902A,1
,1
CN107485744A,1
CN109414539A,1
CN104984427A,1
,1
CN109771724A,1
,1
CN108704172A,1
,1
,1
CN108553703A,1
CN108630858A,1
CN103877633A,1
CN106421951A,1
,1
,1
,1
CN109224163A,1
CN109745592A,1
CN107308513A,1
CN109745591A,1
,1
CN110141704A,1
CN109847128A,1
CN109847129A,1
,1
CN107684659A,1
CN109091713A,1
CN109821086A,1
CN110404129A,1
CN110538353A,1
CN108543132A,1
CN108542616A,1
CN109045381A,1
CN109821136A,1
CN110694128A,1
CN107638601A,1
CN107432960A,1
CN107362399A,1
CN110575578A,1
CN105536086A,1
CN103857418A,1
CN103842002A,1
,1
,1
,1
CN105833373A,1
CN103635223A,1
CN102858388A,1
CN1909938A,1
CN103619374A,1
CN1907508A,1
CN108068856A,1
CN102131534A,1
CN104144718A,1
CN103648542A,1
CN105288768A,1
CN108136087A,1
CN108697840A,1
CN109310811A,1
CN107635598A,1
,1
CN109069722A,1
CN107469171A,1
CN102036701A,1
CN108837166A,1
CN105963730A,1
CN108580367A,1
,1
,1
,1
,1
,1
,1
,1
,1
,1
CN109481707A,1
,1
,1
,1
,1
,1
CN108580367A,1
CN110480653A,1
CN110367882A,1
CN109481708A,1
CN109316612A,1
CN109078785A,1
CN109046588A,1
CN108816459A,1
CN108776473A,1
CN108664030A,1
CN108606754A,1
CN107596422A,1
CN107441527A,1
CN110075336A,1
CN109276728A,1
CN108498830A,1
CN106362173A,1
,1
,1
,1
,1
CN101501693A,1
CN106994693A,1
,1
CN102847473A,1
CN102716028A,1
CN108098793A,1
,1
,1
,1
,1
,1
,1
,1
,1
,1
,1
,1
,1
,1
,1
CN106395155A,1
,1
,1
,1
CN106363645A,1
,1
,1
CN110407654A,1
CN110342174A,1
CN110181479A,1
CN108555875A,1
CN108341200A,1
CN110543110A,1
CN110433083A,1
CN109758369A,1
CN109332198A,1
CN109276082A,1
CN108766560A,1
CN108014015A,1
CN107638263A,1
CN107616889A,1
CN107598944A,1
CN107341342A,1
,1
CN107175663A,1
,1
CN109986577A,1
CN109968367A,1
CN106041954A,1
,1
,1
,1
CN103552079A,1
CN103286786A,1
CN107175663A,1
CN103552079A,1
CN108789427A,1
CN107598937A,1
CN107598941A,1
,1
,1
,1
,1
,1
,1
,1
,1
,1
,1
CN110398972A,1
CN110365419A,1
CN110328671A,1
CN110053016A,1
CN108994856A,1
CN108527396A,1
CN108438086A,1
CN108284446A,1
CN107671865A,1
,1
CN109993157A,1
CN109955267A,1
CN109697536A,1
CN109623834A,1
CN109227563A,1
CN109079804A,1
CN108830519A,1
CN108748174A,1
CN108724210A,1
CN108669806A,1
CN108481336A,1
CN108279679A,1
CN107283436A,1
CN106976099A,1
,1
,1
CN110497420A,1
,1
CN106798550A,1
CN106650261A,1
CN106580344A,1
,1
CN105877846A,1
,1
CN104856649A,1
CN104146772A,1
CN109500824A,1
CN109318239A,1
CN109288540A,1
CN109157227A,1
CN109147529A,1
CN109033344A,1
CN108904050A,1
CN108814538A,1
CN108665636A,1
CN108542701A,1
CN108214502A,1
CN107997825A,1
CN107978367A,1
CN107901046A,1
,1
,1
CN107315926A,1
,1
CN107088072A,1
,1
CN108107795A,1
,1
CN102271599A,1
CN101214137A,1
,1
,1
,1
,1
CN105877846A,1
CN104856649A,1
CN104146772A,1
CN109215768A,1
CN107610762A,1
CN106965193A,1
CN106808480A,1
CN106647745A,1
CN105999462A,1
,1
,1
,1
CN106419957A,1
,1
,1
,1
,1
CN105856259A,1
,1
CN106419957A,1
,1
,1
CN110545751A,1
CN110489566A,1
,1
,1
,1
CN107960976A,1
CN110267609A,1
CN110234362A,1
CN110234381A,1
,1
,1
,1
,1
CN108994861A,1
CN106580344A,1
CN105054946A,1
CN107960976A,1
CN107440743A,1
CN107440744A,1
CN105138815A,1
,1
,1
,1
,1
CN105856259A,1
CN105054946A,1
CN110718294A,1
CN110584786A,1
CN110580952A,1
CN110548218A,1
CN110478628A,1
CN110415818A,1
CN110327016A,1
CN109960285A,1
CN109758233A,1
CN109448836A,1
CN109397299A,1
CN109259774A,1
CN109171651A,1
CN108904049A,1
CN108837286A,1
CN108577839A,1
CN108550402A,1
CN108053886A,1
CN106990067A,1
CN106572096A,1
CN105945956A,1
CN110488745A,1
CN110403613A,1
CN110403614A,1
CN110216697A,1
CN110125952A,1
CN109935310A,1
CN109834715A,1
CN109820478A,1
CN109822587A,1
CN109521770A,1
CN107030714A,1
,1
CN102755194A,1
CN107139184A,1
CN106625707A,1
,1
CN105796299A,1
CN104116598A,1
CN103610545A,1
CN109079781A,1
,1
CN107580487A,1
,1
CN109291066A,1
CN107624063A,1
CN110327170A,1
CN109901577A,1
CN109700643A,1
CN108724213A,1
CN106237445A,1
CN104146845A,1
CN102429795A,1
,1
CN101658457A,1
CN101007406A,1
,1
CN1699031A,1
CN1686068A,1
,1
CN106038191A,1
,1
CN102429795A,1
,1
,1
,1
,1
,1
,1
,1
CN107773406A,1
,1
,1
,1
CN102835958A,1
CN101653396A,1
,1
,1
,1
CN104526697A,1
,1
CN104742139A,1
CN102670368A,1
CN101530366A,1
,1
,1
CN107038844A,1
,1
CN106625707A,1
,1
CN106580602A,1
CN104127289A,1
,1
,1
,1
CN108245396A,1
,1
,1
,1
,1
,1
,1
,1
,1
,1
,1
,1
,1
CN104622655A,1
CN104469327A,1
,1
CN110640755A,1
CN110575332A,1
CN109701217A,1
CN109330447A,1
CN108555938A,1
CN108515525A,1
CN108436939A,1
CN108403370A,1
CN108406808A,1
CN110664558A,1
CN110664567A,1
CN110666807A,1
CN110405789A,1
CN110269767A,1
CN110032124A,1
CN109955258A,1
CN109674627A,1
CN109549805A,1
CN109394450A,1
CN109330444A,1
CN109288426A,1
CN109125011A,1
CN109129502A,1
CN109106578A,1
CN108836764A,1
CN108635180A,1
CN108553273A,1
CN108514486A,1
CN108095904A,1
CN108073104A,1
CN107951688A,1
CN107610766A,1
CN105853103A,1
CN101866396A,1
CN101474118A,1
CN107160392A,1
,1
CN104573385A,1
CN103488293A,1
CN106580587A,1
,1
,1
,1
,1
,1
,1
CN104200310A,1
CN108143401A,1
CN107215730A,1
,1
CN107361748A,1
CN107049253A,1
,1
,1
,1
CN107727242A,1
,1
,1
CN110027960A,1
CN108288028A,1
CN110160670A,1
CN110084928A,1
CN110702240A,1
CN110220597A,1
CN110025294A,1
CN108498080A,1
CN110108363A,1
CN107066988A,1
CN1466932A,1
CN110332995A,1
CN107591207A,1
CN108597619A,1
,1
CN108364682A,1
CN107019498A,1
CN1444020A,1
,1
,1
CN101999888A,1
CN1920501A,1
,1
,1
,1
CN102793535A,1
,1
,1
CN105125181A,1
,1
,1
,1
,1
,1
,1
,1
,1
,1
,1
,1
,1
,1
,1
CN108151882A,1
,1
,1
,1
,1
,1
,1
,1
,1
,1
,1
CN108720810A,1
CN108731813A,1
CN108489637A,1
CN106725362A,1
CN106618511A,1
,1
,1
,1
CN110715737A,1
CN110646116A,1
CN109211411A,1
CN109512401A,1
CN108337592A,1
CN108309253A,1
CN107811614A,1
CN107773220A,1
CN107773221A,1
CN107582031A,1
CN106264489A,1
CN106214132A,1
CN106137142A,1
CN110608806A,1
CN110567610A,1
CN110530518A,1
CN110530519A,1
CN110530526A,1
CN110186572A,1
CN110101370A,1
CN110025293A,1
CN109883556A,1
CN109540311A,1
CN109171669A,1
CN108414090A,1
CN101646383A,1
CN1542418A,1
CN1557251A,1
,1
,1
,1
,1
,1
,1
CN101273884A,1
,1
,1
,1
,1
,1
,1
,1
,1
,1
,1
,1
,1
,1
,1
,1
,1
,1
,1
,1
,1
,1
,1
,1
,1
CN105919565A,1
CN107709944A,1
CN105982650A,1
CN105451647A,1
,1
,1
,1
CN104287697A,1
,1
CN103735255A,1
,1
,1
,1
,1
,1
CN103140164A,1
,1
,1
,1
,1
,1
,1
,1
,1
,1
,1
,1
,1
,1
,1
,1
,1
,1
,1
,1
,1
,1
CN103654735A,1
CN103442113A,1
,1
,1
,1
CN102283637A,1
CN101596102A,1
CN101105534A,1
CN102961124A,1
,1
CN101129259A,1
,1
,1
,1
,1
CN106725355A,1
,1
,1
,1
,1
CN103179898A,1
,1
,1
CN107960987A,1
CN107389201A,1
,1
,1
,1
,1
,1
,1
CN109579997A,1
,1
,1
,1
,1
,1
,1
,1
,1
,1
CN106667448A,1
,1
,1
CN105942987A,1
,1
,1
,1
CN105595969A,1
,1
,1
,1
,1
,1
,1
,1
,1
,1
CN103845041A,1
,1
,1
CN102743161A,1
CN110715738A,1
,1
,1
,1
,1
,1
,1
CN102573641A,1
CN108471999A,1
CN103068312A,1
CN101515365A,1
CN1887228A,1
CN1935089A,1
CN103167834A,1
CN102247156A,1
CN102207992A,1
CN102521833A,1
CN103824295A,1
CN104021547A,1
CN105513036A,1
CN104504737A,1
CN102842132A,1
CN104361567A,1
CN103083030A,1
CN102743185A,1
CN106659373A,1
CN106659453A,1
CN106308839A,1
CN110664425A,1
CN102068271A,1
CN101540051A,1
CN101472381A,1
CN1943513A,1
CN101262819A,1
CN101455572A,1
CN103079468A,1
CN102038514A,1
CN101548894A,1
CN101229063A,1
CN101178370A,1
CN103298408A,1
CN103202706A,1
CN1915170A,1
CN103761745A,1
CN103126705A,1
CN105726052A,1
CN109171775A,1
CN108742679A,1
CN108601575A,1
CN108095749A,1
CN110327071A,1
CN109480891A,1
CN109223021A,1
CN109009193A,1
CN106821408A,1
CN1502310A,1
CN1502302A,1
CN1511498A,1
CN1912927A,1
CN1795825A,1
CN101128153A,1
CN101032409A,1
CN101583314A,1
CN1698540A,1
CN1711968A,1
CN103732146A,1
CN103337443A,1
CN103337442A,1
CN105232076A,1
CN104757993A,1
CN1499385A,1
CN110103843A,1
CN104101615A,1
CN106859868A,1
CN106725572A,1
CN106667518A,1
,1
CN110090035A,1
,1
CN105167792A,1
CN105125234A,1
CN104665861A,1
CN110368206A,1
CN110584694A,1
CN110507347A,1
,1
,1
,1
,1
,1
,1
,1
,1
,1
,1
CN108601569A,1
,1
CN109124667A,1
CN105832362A,1
CN105615908A,1
CN102949278A,1
,1
CN102949279A,1
,1
,1
,1
,1
CN108464547A,1
,1
,1
,1
,1
,1
,1
,1
,1
,1
,1
,1
,1
,1
,1
,1
,1
,1
,1
,1
,1
,1
,1
,1
,1
,1
,1
,1
,1
CN109315856A,1
CN109222279A,1
,1
CN110447990A,1
CN109984395A,1
CN108741303A,1
CN109171065A,1
CN101747690A,1
,1
,1
,1
,1
CN106579598A,1
CN105455254A,1
,1
,1
CN105473188A,1
,1
,1
,1
,1
,1
CN105661693A,1
,1
,1
CN104757711A,1
CN110169614A,1
CN107960692A,1
CN109757808A,1
CN108903091A,1
CN107467749A,1
,1
,1
,1
CN104522910A,1
,1
,1
,1
,1
,1
CN107411198A,1
CN109588801A,1
CN109567287A,1
CN109480355A,1
CN109380786A,1
,1
,1
,1
,1
,1
CN101453968A,1
CN105476745A,1
CN102236175A,1
CN102087424A,1
CN104977730A,1
CN107405213A,1
,1
,1
,1
,1
,1
,1
,1
CN106691684A,1
CN110074915A,1
CN110314036A,1
CN110251304A,1
CN110215340A,1
CN108388029A,1
CN107870450A,1
CN107037608A,1
,1
,1
,1
,1
,1
,1
,1
CN106725884A,1
,1
,1
CN101828787A,1
,1
CN101466334A,1
,1
,1
,1
,1
,1
,1
,1
,1
CN106072906A,1
,1
,1
CN105372843A,1
CN105372846A,1
,1
,1
,1
,1
,1
CN105797190A,1
,1
,1
,1
,1
,1
,1
,1
,1
,1
,1
CN108451076A,1
,1
,1
,1
,1
,1
CN106858830A,1
,1
CN104687543A,1
,1
CN109965410A,1
CN109123847A,1
CN108272150A,1
CN107536136A,1
,1
,1
CN110419797A,1
,1
,1
,1
,1
,1
,1
CN108783669A,1
,1
CN109700103A,1
CN109043702A,1
CN108813759A,1
,1
,1
,1
,1
,1
,1
CN104770914A,1
CN101172084A,1
,1
,1
CN106901971A,1
,1
,1
,1
,1
,1
,1
,1
,1
,1
,1
,1
,1
,1
,1
,1
,1
,1
,1
,1
,1
,1
,1
,1
,1
CN108433972A,1
,1
,1
,1
,1
,1
CN107510596A,1
,1
,1
,1
CN105616143A,1
,1
,1
,1
,1
,1
,1
CN110215368A,1
CN110151530A,1
CN109453020A,1
CN109044806A,1
CN108524240A,1
CN108309763A,1
CN107929040A,1
CN107898624A,1
CN107661209A,1
CN107468508A,1
CN110151531A,1
CN109953889A,1
CN108464927A,1
,1
,1
,1
,1
,1
,1
,1
CN105456021A,1
,1
,1
CN105213172A,1
,1
,1
,1
CN103431990A,1
,1
,1
,1
,1
,1
,1
,1
,1
CN108403411A,1
,1
,1
,1
,1
,1
,1
CN105756375A,1
,1
,1
,1
,1
CN110648496A,1
,1
,1
,1
,1
,1
,1
,1
,1
,1
CN104510607A,1
CN104586626A,1
,1
,1
,1
CN107714441A,1
CN107875003A,1
,1
,1
,1
,1
,1
,1
,1
,1
,1
CN107985518A,1
,1
,1
,1
,1
,1
,1
,1
,1
,1
,1
,1
,1
,1
CN107837167A,1
CN108272617A,1
CN104197084A,1
CN110522593A,1
,1
,1
CN107714439A,1
CN107714440A,1
CN107913175A,1
CN107929039A,1
CN107982046A,1
CN108056909A,1
CN108514506A,1
CN109125047A,1
CN109125048A,1
CN109276443A,1
CN109846699A,1
CN109938996A,1
CN110090146A,1
CN110496050A,1
CN108743336A,1
,1
,1
CN102631284A,1
,1
,1
,1
,1
CN103876924A,1
CN105167986A,1
CN1788710A,1
,1
,1
,1
,1
,1
,1
,1
,1
,1
CN105616144A,1
,1
,1
,1
,1
,1
,1
,1
,1
,1
,1
,1
,1
CN104197084A,1
,1
,1
,1
,1
,1
,1
,1
,1
,1
,1
,1
,1
,1
,1
,1
,1
,1
,1
,1
,1
,1
,1
,1
,1
,1
,1
,1
,1
,1
CN110496050A,1
CN110090146A,1
CN109938996A,1
CN107982046A,1
CN107985518A,1
CN107898624A,1
,1
,1
,1
,1
,1
CN102631284A,1
,1
,1
CN105167986A,1
,1
CN103876924A,1
CN1788710A,1
,1
,1
,1
,1
CN105756375A,1
CN105616144A,1
,1
,1
,1
,1
,1
,1
,1
,1
CN104586626A,1
CN110527389A,1
CN108159591A,1
CN108707382A,1
CN108542024A,1
CN106079633A,1
CN109353094A,1
CN106633147A,1
CN104479487A,1
CN103201347A,1
CN106538583A,1
CN104936901A,1
CN102417778A,1
CN105189732A,1
CN104069538A,1
CN105664234A,1
CN105169457A,1
CN108135546A,1
CN108135745A,1
CN103933621A,1
CN109646721A,1
CN110665043A,1
CN107693842A,1
CN109125799A,1
CN101695581A,1
CN101002957A,1
CN1359305A,1
CN105879108A,1
CN102847195A,1
CN107080854A,1
CN102284075A,1
CN101839534A,1
CN1968743A,1
CN1552456A,1
,1
CN1552454A,1
CN101084342A,1
,1
CN103499125A,1
,1
CN104114196A,1
CN105412969A,1
CN109006861A,1
CN102038722A,1
CN105381492A,1
CN1449667A,1
CN101810171A,1
CN101732754A,1
CN102917734A,1
,1
,1
,1
,1
,1
,1
,1
,1
CN106110352A,1
CN103917250A,1
CN105638773A,1
CN109152371A,1
CN102600496A,1
CN110392528A,1
CN101642449A,1
CN105923701A,1
CN105674400A,1
CN103499125A,1
,1
CN104203291A,1
CN102917734A,1
CN101084342A,1
CN1451917A,1
CN106214573A,1
CN101658469A,1
CN104490658A,1
CN104490679A,1
CN105078828A,1
CN103910956A,1
CN102414363A,1
CN101965204A,1
CN1853734A,1
CN101856504A,1
CN106362180A,1
CN104548171A,1
CN106170306A,1
CN102256631A,1
CN102170915A,1
CN106794271A,1
CN105073146A,1
,1
CN105999337A,1
CN103889466A,1
CN102949743A,1
CN102688512A,1
CN103889362A,1
CN102781360A,1
CN1780645A,1
CN105163767A,1
CN105874077A,1
CN103446602A,1
CN108367091A,1
CN110356745A,1
CN109803689A,1
CN109562419A,1
CN109609146A,1
CN106701140A,1
CN106500114A,1
,1
,1
CN105805756A,1
CN103482935A,1
,1
,1
CN109481794A,1
,1
CN109054874A,1
CN108672471A,1
,1
,1
,1
CN107570280A,1
,1
,1
,1
CN106895418A,1
,1
,1
,1
CN108045812A,1
CN108500030A,1
,1
,1
,1
,1
CN107435929A,1
,1
,1
CN1475697A,1
CN101778775A,1
,1
,1
CN101491684A,1
CN105757687A,1
CN104613482A,1
CN103697481A,1
CN103639172A,1
CN102454997A,1
,1
,1
,1
CN1884912A,1
CN1644988A,1
,1
,1
CN1502848A,1
,1
CN1201879A,1
CN1071104A,1
CN106166328A,1
CN103330961A,1
CN103721592A,1
CN105750055A,1
,1
,1
,1
,1
,1
CN110529863A,1
CN110124139A,1
CN104121584A,1
,1
,1
,1
CN108686755A,1
,1
,1
,1
CN103919386A,1
,1
,1
,1
CN1398207A,1
CN102512716A,1
,1
,1
CN1406141A,1
,1
CN107597818A,1
CN105414145A,1
CN110238107A,1
CN108726035A,1
CN109436634A,1
CN110356745A,1
,1
,1
,1
CN1512967A,1
CN1735442A,1
,1
,1
,1
CN101972769A,1
CN106334704A,1
,1
CN107520235A,1
CN110464919A,1
,1
,1
CN109481794A,1
CN109276781A,1
,1
,1
,1
,1
,1
,1
,1
,1
,1
,1
,1
,1
,1
,1
CN108941007A,1
CN108498814A,1
CN1539375A,1
,1
CN110302857A,1
,1
,1
,1
,1
,1
,1
,1
,1
CN102596438A,1
CN109940027A,1
,1
,1
,1
CN110697295A,1
,1
CN107597797A,1
CN110131729A,1
CN109174347A,1
CN108687116A,1
,1
,1
,1
CN102553891A,1
CN104874452A,1
,1
CN104874589A,1
,1
CN107385226A,1
,1
,1
CN103204596A,1
,1
CN105254107A,1
,1
CN110356745A,1
CN108160678A,1
,1
,1
CN107973438A,1
CN103420471A,1
,1
CN102616963A,1
CN102352441A,1
,1
,1
CN109678231A,1
CN109734161A,1
,1
,1
,1
,1
CN107827285A,1
,1
,1
,1
,1
CN101514065A,1
CN1187874A,1
,1
,1
,1
,1
CN105923608A,1
,1
,1
,1
,1
,1
,1
CN101885556A,1
CN1515506A,1
,1
,1
,1
,1
CN110016683A,1
CN109133281A,1
CN104114496A,1
,1
,1
,1
,1
,1
,1
,1
,1
,1
CN1654347A,1
,1
,1
CN101633526A,1
CN108585135A,1
CN109730086A,1
CN103951102A,1
CN107434281A,1
CN106561709A,1
CN109122715A,1
,1
CN107021550A,1
CN109156474A,1
CN101347126A,1
CN101559997A,1
CN106745655A,1
CN103702948A,1
CN108017195A,1
,1
CN108840426A,1
CN108658185A,1
CN110606541A,1
CN108975486A,1
,1
,1
,1
,1
,1
,1
,1
,1
,1
,1
,1
,1
,1
CN105451858A,1
CN106673151A,1
CN101638263A,1
CN1594139A,1
,1
CN103693732A,1
CN102134122A,1
CN1519207A,1
,1
,1
,1
CN107445256A,1
CN101187037A,1
CN109534578A,1
,1
CN110325668A,1
,1
,1
,1
,1
CN104936906A,1
CN101058447A,1
CN1526653A,1
CN101531411A,1
CN1397502A,1
CN101746857A,1
CN101679080A,1
CN101426734A,1
,1
CN1847163A,1
CN105435847A,1
CN106179435A,1
CN106698584A,1
CN109603906A,1
CN109603882A,1
,1
CN108328694A,1
CN108046373A,1
,1
,1
,1
CN105923701A,1
CN109928457A,1
CN102814187A,1
CN101786688A,1
CN101318728A,1
CN103754982A,1
,1
CN105905979A,1
CN104649365A,1
CN1711131A,1
CN101289243A,1
,1
CN103864172A,1
CN110436560A,1
CN110182892A,1
CN110182891A,1
CN109368736A,1
CN109250786A,1
CN108751336A,1
CN107098433A,1
CN106946323A,1
CN106629992A,1
CN106441485A,1
CN106186176A,1
CN105116100A,1
CN104445510A,1
CN101708875A,1
CN101708913A,1
CN109133261A,1
CN104671331A,1
CN101591046A,1
CN103787447A,1
CN105293622A,1
CN104045125A,1
CN104291411A,1
CN109956517A,1
CN107619086A,1
CN106145477A,1
CN105121357A,1
CN101790497A,1
CN110272088A,1
CN105399257A,1
CN104150562A,1
CN102809426A,1
CN102335554A,1
CN102153164A,1
CN101955243A,1
CN101913679A,1
CN101718474A,1
CN101706160A,1
CN101486500A,1
CN101318728A,1
CN101182085A,1
CN102863049A,1
CN104944510A,1
CN103382040A,1
CN103130299A,1
CN102612497A,1
CN101553433A,1
CN1798705A,1
CN1442372A,1
CN1421397A,1
CN108675516A,1
CN107601646A,1
,1
CN109231639A,1
CN107986533A,1
CN109002688A,1
CN103395952A,1
,1
,1
,1
CN108010021A,1
CN106228180A,1
CN106530296A,1
CN107368859A,1
CN107945168A,1
CN108171692A,1
CN108245161A,1
CN108428229A,1
CN108597589A,1
CN108694999A,1
CN110473168A,1
CN110517253A,1
CN110533656A,1
CN110534192A,1
CN110570405A,1
CN110570431A,1
CN107423576A,1
CN107767362A,1
CN108078581A,1
CN108764329A,1
CN108765408A,1
CN108876772A,1
CN108897984A,1
CN109035227A,1
CN109166105A,1
CN109171782A,1
CN109300122A,1
CN109448822A,1
CN109509204A,1
CN109583447A,1
CN109754879A,1
CN109978004A,1
CN110175993A,1
CN110211104A,1
CN110223743A,1
CN110349662A,1
CN108899087A,1
CN108985345A,1
CN109036547A,1
CN109147940A,1
CN109308477A,1
CN109326343A,1
CN109410166A,1
CN109522968A,1
CN109528152A,1
CN109598719A,1
CN109616195A,1
CN105976367A,1
CN109686444A,1
CN109993733A,1
CN109994199A,1
CN110503640A,1
CN110504027A,1
CN110598782A,1
CN110599448A,1
CN101853493A,1
CN105718947A,1
CN105956386A,1
CN106250701A,1
CN106548178A,1
CN106780460A,1
CN106940816A,1
CN107016665A,1
CN107092918A,1
CN107169526A,1
CN107194929A,1
CN107220373A,1
CN107220971A,1
CN107230204A,1
CN107240097A,1
CN107273925A,1
CN107274402A,1
CN107280697A,1
CN107451609A,1
CN107464234A,1
CN107492095A,1
CN107563383A,1
CN107616796A,1
CN107845091A,1
CN107945167A,1
CN107977966A,1
CN108171700A,1
CN108198179A,1
CN108230289A,1
CN108399354A,1
CN108510489A,1
CN108537784A,1
CN108564566A,1
CN108615237A,1
CN108765409A,1
CN108846432A,1
CN109065165A,1
CN109191436A,1
CN109377522A,1
CN109427058A,1
CN109448854A,1
CN109492690A,1
CN109523521A,1
CN109523525A,1
CN109544510A,1
CN109544511A,1
CN109559297A,1
CN109636819A,1
CN109685768A,1
CN109785963A,1
CN109919230A,1
CN109949297A,1
CN110009629A,1
CN110084810A,1
CN110176009A,1
CN110264450A,1
CN110310281A,1
CN110310289A,1
CN110391015A,1
CN110431636A,1
CN107863133A,1
CN109697283A,1
CN109887557A,1
CN110289057A,1
CN107564571A,1
CN109859811A,1
CN110610751A,1
CN110136831A,1
CN109102804A,1
CN110010132A,1
CN105260974A,1
CN107945841A,1
CN109003648A,1
CN108766510A,1
CN109994168A,1
CN109935283A,1
CN106339602A,1
CN110428891A,1
CN110534185A,1
CN108074637A,1
CN105765584A,1
CN109887587A,1
CN109166618A,1
CN109360667A,1
CN109147930A,1
CN109801691A,1
CN108877921A,1
CN110047584A,1
CN110428890A,1
CN109036549A,1
CN109166622A,1
CN109119160A,1
CN110277155A,1
CN110459316A,1
CN110232972A,1
CN110364251A,1
CN110211673A,1
CN110164549A,1
CN110246574A,1
CN110246572A,1
CN110197730A,1
CN110310740A,1
CN110085307A,1
CN109961840A,1
CN110097955A,1
CN109994190A,1
CN109658581A,1
CN109801702A,1
CN109830298A,1
CN109659017A,1
CN110544526A,1
CN109659013A,1
CN109545352A,1
CN109545350A,1
CN109215772A,1
CN109543863A,1
CN109493956A,1
CN109033384A,1
CN109166605A,1
CN108986907A,1
CN109300535A,1
CN108962359A,1
CN108922608A,1
CN108962383A,1
CN108399945A,1
CN108172295A,1
CN108288498A,1
CN108154931A,1
CN110534183A,1
CN107818625A,1
CN107845425A,1
CN108039196A,1
CN110021391A,1
CN110570936A,1
CN108039206A,1
CN108171232A,1
CN108695003A,1
CN108877925A,1
CN110163260A,1
CN110503640A,1
CN110504027A,1
CN110084790A,1
CN109887607A,1
CN105224816A,1
CN105224821A,1
CN102567598A,1
CN101149767A,1
CN106383988A,1
CN102073783A,1
CN109524123A,1
CN109378079A,1
CN109273095A,1
CN109405976A,1
CN108830028A,1
CN102498490A,1
CN103093106A,1
CN105190634A,1
CN105868526A,1
CN107727242A,1
CN107924718A,1
CN107967947A,1
CN108009404A,1
CN108171692A,1
CN108597617A,1
CN108717870A,1
CN108986921A,1
CN109029784A,1
CN109065179A,1
CN109559300A,1
CN109656918A,1
CN109785914A,1
CN110044486A,1
CN110060244A,1
CN110060738A,1
CN110063268A,1
CN109036578A,1
CN105843803A,1
CN109036524A,1
CN109949930A,1
CN108364694A,1
CN101794342A,1
CN105868526A,1
CN109308525A,1
CN109767843A,1
CN107092854A,1
CN105740615A,1
CN106250668A,1
CN108281199A,1
CN110349630A,1
CN106875802A,1
CN108198629A,1
CN108281198A,1
CN103390091A,1
CN110459329A,1
CN108461155A,1
CN110443561A,1
CN110600139A,1
CN109712719A,1
CN110459310A,1
CN109285606A,1
CN110164559A,1
CN108231202A,1
CN101794342A,1
CN109670541A,1
CN107194508A,1
CN108172301A,1
CN102043895A,1
CN110379522A,1
,1
CN110377847A,1
CN109708777A,1
CN108511079A,1
CN110517739A,1
CN109949885A,1
CN107133482A,1
CN106355035A,1
CN1881227A,1
CN102184315A,1
CN104573388A,1
CN104732087A,1
CN106446559A,1
CN106709252A,1
CN101894309A,1
CN106777852A,1
CN102129526A,1
CN104200079A,1
CN105190634A,1
CN105701342A,1
CN105868526A,1
CN106909764A,1
CN108198629A,1
CN108511079A,1
CN108717870A,1
CN109524123A,1
CN110223751A,1
CN110265145A,1
CN110400614A,1
CN102880776A,1
CN105224816A,1
CN106383988A,1
CN106709252A,1
,1
CN109559810A,1
CN109524092A,1
,1
CN107590898A,1
CN107330830A,1
CN107180271A,1
CN106611298A,1
CN110032919A,1
CN109949915A,1
CN104240168A,1
CN102855366A,1
,1
CN101206736A,1
CN110706823A,1
,1
,1
CN110428539A,1
CN110428538A,1
,1
CN109903449A,1
,1
CN109509286A,1
CN109378060A,1
,1
CN109106109A,1
CN109003384A,1
CN108520775A,1
CN108182752A,1
CN108171861A,1
,1
CN107833340A,1
CN107248126A,1
CN107248001A,1
,1
CN105469492A,1
,1
,1
CN105184045A,1
CN105095648A,1
CN103893881A,1
CN103514649A,1
CN109036530A,1
CN104615852A,1
CN107909177A,1
CN109830291A,1
CN109599183A,1
CN109583613A,1
CN109472379A,1
CN109461243A,1
CN107292119A,1
CN107122615A,1
CN106650967A,1
CN104636891A,1
CN105022918A,1
CN109671204A,1
CN106296522A,1
,1
CN107516367A,1
CN107180472A,1
,1
,1
CN106485038A,1
,1
,1
,1
CN105528823A,1
,1
,1
CN105139507A,1
CN105096437A,1
,1
,1
CN104867223A,1
,1
CN104213722A,1
CN103731362A,1
,1
CN102467763A,1
CN102034291A,1
CN101655995A,1
CN101582181A,1
CN101408995A,1
,1
CN101315711A,1
CN1881252A,1
CN1804898A,1
,1
,1
CN106650230A,1
CN108416453A,1
CN106203664A,1
,1
,1
CN110504021A,1
CN110442797A,1
CN110164539A,1
CN110059989A,1
CN109935307A,1
CN109741818A,1
CN109559827A,1
,1
CN109036530A,1
CN108665966A,1
CN102498490A,1
,1
CN102063665A,1
CN101169840A,1
CN101002209A,1
CN103339663A,1
CN105989227A,1
CN108665967A,1
CN109065138A,1
CN109493959A,1
CN107403064A,1
CN101903873A,1
CN103150462A,1
CN105404555A,1
CN103714501A,1
CN103593574A,1
CN103577941A,1
CN103400331A,1
CN103247012A,1
CN103246811A,1
CN103208040A,1
CN102622529A,1
CN102576449A,1
CN102341799A,1
CN102201028A,1
,1
CN101782980A,1
CN101743551A,1
,1
CN101120367A,1
CN101011239A,1
CN103870942A,1
CN103353959A,1
CN104573832A,1
CN108039197A,1
CN108461130A,1
CN107871533A,1
CN107423575A,1
CN107220508A,1
CN106611285A,1
CN104680301A,1
,1
CN105893775A,1
CN109242396A,1
CN108806782A,1
CN107067117A,1
CN108986899A,1
CN109934439A,1
CN110097958A,1
CN110544524A,1
CN110534184A,1
CN110516904A,1
CN110490435A,1
CN110379479A,1
CN110378601A,1
CN110162398A,1
CN110047577A,1
CN110018838A,1
CN109979559A,1
CN109891513A,1
CN109686431A,1
CN109659017A,1
CN109659019A,1
CN109637647A,1
CN109585009A,1
CN109559810A,1
CN109509548A,1
CN109493963A,1
CN109378056A,1
,1
CN109326344A,1
CN109192285A,1
CN109166311A,1
CN109065141A,1
CN108922609A,1
CN108876108A,1
CN108805372A,1
CN108597594A,1
CN108401032A,1
CN108206049A,1
CN108206050A,1
CN107978360A,1
CN107918551A,1
,1
CN107742182A,1
CN107680668A,1
CN107610755A,1
CN107506912A,1
CN107340738A,1
CN107220516A,1
CN107204981A,1
CN107095792A,1
CN107077710A,1
CN107040872A,1
CN106897548A,1
CN106803154A,1
CN106778034A,1
CN106777952A,1
CN106611298A,1
,1
CN106502798A,1
CN106462817A,1
CN106296515A,1
CN106228302A,1
,1
CN105518626A,1
CN105243524A,1
,1
CN105138833A,1
CN104616093A,1
CN104584064A,1
CN104469041A,1
,1
,1
CN110442637A,1
CN110457331A,1
CN110413681A,1
CN110415831A,1
CN110297958A,1
CN110245296A,1
CN109947737A,1
CN110008259A,1
CN110413661A,1
CN110413708A,1
CN109299044A,1
CN109344194A,1
CN109376909A,1
CN104281614A,1
CN110349652A,1
CN110427533A,1
CN110196717A,1
CN110197528A,1
CN109754219A,1
CN110188228A,1
CN110134731A,1
CN109271441A,1
CN110188098A,1
CN109977278A,1
CN109408603A,1
CN109947879A,1
CN107767962A,1
CN109192326A,1
CN110532283A,1
CN110532300A,1
CN110532444A,1
CN110532309A,1
CN110532370A,1
CN110532306A,1
CN110516001A,1
CN110515990A,1
CN110502569A,1
CN110489464A,1
CN110471979A,1
CN110457608A,1
CN110442794A,1
CN110413682A,1
CN110297945A,1
CN110297873A,1
CN110287308A,1
CN110245174A,1
CN110245826A,1
CN110245196A,1
CN110162580A,1
CN110109654A,1
CN110110022A,1
CN110096500A,1
CN110069508A,1
CN110019432A,1
CN110019630A,1
CN109976735A,1
CN109934730A,1
CN109902112A,1
CN109902120A,1
CN109887098A,1
CN109871418A,1
CN109861849A,1
CN109844735A,1
CN109783495A,1
CN109783585A,1
CN109766383A,1
CN109753589A,1
CN109753547A,1
CN109726233A,1
CN109710820A,1
CN109657014A,1
CN109657087A,1
CN109614450A,1
CN109545328A,1
CN109460428A,1
CN109446210A,1
CN109446264A,1
CN109408549A,1
CN109359141A,1
CN109241432A,1
CN109241107A,1
CN109189850A,1
CN109145031A,1
CN109147879A,1
CN110019246A,1
CN109960716A,1
CN109947857A,1
CN109933633A,1
CN109766368A,1
CN109684323A,1
CN109656975A,1
CN109543162A,1
CN109408566A,1
CN109254970A,1
CN107256327A,1
,1
CN109378079A,1
CN107591207A,1
CN108695003A,1
CN109447484A,1
CN109360660A,1
CN109166630A,1
CN108961131A,1
CN107133901A,1
CN102737040A,1
CN102651094A,1
CN102426630A,1
CN102385667A,1
CN102243696A,1
CN102243697A,1
,1
CN102073783A,1
CN101894309A,1
,1
CN101604331A,1
CN101379502A,1
CN1881227A,1
CN108461154A,1
CN108281198A,1
CN109377038A,1
CN109065178A,1
CN110600139A,1
CN109712719A,1
CN108986921A,1
CN108615214A,1
CN108604466A,1
CN108460694A,1
CN108304953A,1
CN108198627A,1
CN108009936A,1
CN107194506A,1
CN107103395A,1
CN102982392A,1
CN110533546A,1
CN110459329A,1
CN110443561A,1
CN110391027A,1
CN110377847A,1
CN110297984A,1
CN110176281A,1
CN110147419A,1
CN110136842A,1
CN110085327A,1
CN109767843A,1
CN109727681A,1
CN109656976A,1
CN109509558A,1
CN109273063A,1
CN109036578A,1
CN108962389A,1
CN108766586A,1
CN108461155A,1
CN108447567A,1
CN108364694A,1
CN108319700A,1
CN108257671A,1
CN108198630A,1
CN108172301A,1
CN108122618A,1
CN108027848A,1
CN107229827A,1
CN107194508A,1
CN106909796A,1
CN106777935A,1
CN106250668A,1
CN106096276A,1
CN105989247A,1
CN105825049A,1
CN105808956A,1
CN105740641A,1
CN105740615A,1
CN105740322A,1
,1
CN104615884A,1
CN104200310A,1
CN103593462A,1
CN103093106A,1
CN102713914A,1
CN102043895A,1
,1
CN101681490A,1
CN101639925A,1
CN105930678A,1
CN105912875A,1
,1
CN105426458A,1
CN104732443A,1
CN104361412A,1
CN104361420A,1
CN103793869A,1
CN103793621A,1
CN103679538A,1
CN103425619A,1
CN103077321A,1
CN103065065A,1
CN102959569A,1
CN101777092A,1
CN102222163A,1
CN109285592A,1
CN109460591A,1
CN108319700A,1
,1
CN105740615A,1
CN110491522A,1
CN110444298A,1
CN110223785A,1
CN110147419A,1
CN110136842A,1
CN110111902A,1
CN110085327A,1
CN109994208A,1
CN109979601A,1
CN109859854A,1
CN109545386A,1
CN109243619A,1
CN108831561A,1
CN108766585A,1
CN108630321A,1
CN108597618A,1
CN108538397A,1
CN108447567A,1
CN108417274A,1
CN108257671A,1
CN108198630A,1
CN108198627A,1
CN107871538A,1
CN107844626A,1
CN107330283A,1
CN107220482A,1
CN106960124A,1
CN106909796A,1
CN106777935A,1
CN106126893A,1
CN106096276A,1
CN104615884A,1
CN103793619A,1
CN103617346A,1
CN103593462A,1
CN103390089A,1
CN103093106A,1
CN102945310A,1
CN101847179A,1
CN103793621A,1
CN106126897A,1
CN105930678A,1
CN105893657A,1
CN105760675A,1
CN105678080A,1
CN105335604A,1
,1
CN102682188A,1
CN102646151A,1
,1
CN103310083A,1
CN102222178A,1
CN108280320A,1
CN106874688A,1
CN110534153A,1
CN110534164A,1
CN110534165A,1
CN110634539A,1
CN110459274A,1
CN110444250A,1
CN110459275A,1
CN110517790A,1
CN106446607A,1
CN109411033A,1
CN108647489A,1
CN107862173A,1
CN107038350A,1
CN105740626A,1
CN107958695A,1
CN109033738A,1
CN109935341A,1
CN110021341A,1
CN110689965A,1
CN110706756A,1
CN106777986A,1
CN106190841A,1
CN110277174A,1
CN104021316A,1
CN108985001A,1
CN110689919A,1
CN107731309A,1
CN109477081A,1
CN101234113A,1
CN107346379A,1
CN101948540A,1
CN109920475A,1
CN102449144A,1
CN103077226A,1
CN105726544A,1
CN108205613A,1
CN106169033A,1
CN101875697A,1
CN102006865A,1
CN105787261A,1
CN102902895A,1
CN107019699A,1
CN105593240A,1
CN105997992A,1
CN102086468A,1
CN104311662A,1
CN104292330A,1
CN102797043A,1
CN108763851A,1
CN110459263A,1
CN102697782A,1
CN108774219A,1
CN110501510A,1
CN109265454A,1
CN109053891A,1
CN1788084A,1
CN101329698A,1
CN102930152A,1
CN101007794A,1
CN102222176A,1
CN101627989A,1
CN105085680A,1
CN102270281A,1
CN101789047A,1
CN102584821A,1
CN101897689A,1
CN101684154A,1
CN101970465A,1
CN1738831A,1
CN105273066A,1
CN102120990A,1
CN1730665A,1
CN102697768A,1
CN1829524A,1
CN101831486A,1
CN106133734A,1
CN101712981A,1
CN101627994A,1
CN101863966A,1
CN105693821A,1
CN101993497A,1
CN102319249A,1
US20030004827A1,0
US20030097331A1,0
US20030191719A1,0
US20040123129A1,0
US20050177716A1,0
US20050197957A1,0
US20060218651A1,0
US4713761A,0
US5220501A,0
US5222018A,0
US5269521A,0
US5283829A,0
US5326959A,0
US5444616A,0
US5453601A,0
US5465206A,0
US5473143A,0
US5532464A,0
US5590197A,0
US5620182A,0
US5652786A,0
US5671279A,0
US5691524A,0
US5699528A,0
US5710887A,0
US5715298A,0
US5729594A,0
US5732398A,0
US5783808A,0
US5790677A,0
US5794234A,0
US5799087A,0
US5799285A,0
US5812668A,0
US5815657A,0
US5832089A,0
US5832460A,0
US5850446A,0
US5862223A,0
US5870456A,0
US5870723A,0
US5872844A,0
US5875435A,0
US5875437A,0
US5878138A,0
US5878140A,0
US5878405A,0
US5880446A,0
US5884288A,0
US5889863A,0
US5890140A,0
US5895455A,0
US5905976A,0
US5920847A,0
US5924084A,0
US5931917A,0
US5937394A,0
US5943424A,0
US5943656A,0
US5956700A,0
US5963924A,0
US5966698A,0
US5970475A,0
US5974146A,0
US5978780A,0
US5983208A,0
US5987132A,0
US5987140A,0
US5996076A,0
US5999625A,0
US5999919A,0
US6002767A,0
US6006199A,0
US6014636A,0
US6014651A,0
US6016484A,0
US6026379A,0
US6029150A,0
US6029151A,0
US6041315A,0
US6044362A,0
US6049786A,0
US6052674A,0
US6058373A,0
US6061665A,0
US6065675A,0
US6070150A,0
US6072870A,0
US6073104A,0
US6073124A,0
US6076074A,0
US6078907A,0
US6081790A,0
US6108640A,0
US6108644A,0
US6119105A,0
US6119108A,0
US6173272B1,0
US6178409B1,0
US6205435B1,0
US6223168B1,0
US6249772B1,0
US6253027B1,0
US6285991B1,0
US6304860B1,0
US6327577B1,0
US6332133B1,0
US6334116B1,0
US6339766B1,0
US6363361B1,0
US6366682B1,0
US6366893B2,0
US6373950B1,0
US6381582B1,0
US6385595B1,0
US6408284B1,0
US6418420B1,0
US6450407B1,0
US6512919B2,0
US6516996B1,0
US6532450B1,0
US6577861B2,0
US6601761B1,0
US6606602B1,0
US6609114B1,0
US6609200B2,0
US6615193B1,0
US6754636B1,0
US6839687B1,0
US6868408B1,0
US6898518B2,0
US6948070B1,0
US6967761B2,0
US6968319B1,0
US6970098B1,0
US6985879B2,0
US6990242B2,0
US6996542B1,0
US7010174B2,0
US7013264B2,0
US7013265B2,0
US7013469B2,0
US7015837B1,0
US7016498B2,0
US7017155B2,0
US7024424B1,0
US7026964B2,0
US7036079B2,0
US7050868B1,0
US7051212B2,0
US7053830B2,0
US7053887B2,0
US7063263B2,0
US7076458B2,0
US7076599B2,0
US7080253B2,0
US7082212B2,0
US7093101B2,0
US7095879B2,0
US7099505B2,0
US7107228B1,0
US7107444B2,0
US7113803B2,0
US7113944B2,0
US7114649B2,0
US7117171B1,0
US7117286B2,0
US7120800B2,0
US7124302B2,0
US7127087B2,0
US7127396B2,0
US7127606B2,0
US7134094B2,0
US7139555B2,0
US7142697B2,0
US7143030B2,0
US7148892B2,0
US7149729B2,0
US7155199B2,0
US7155380B2,0
US7158135B2,0
US7158959B1,0
US7159110B2,0
US7162443B2,0
US7162488B2,0
US7162599B2,0
US7162690B2,0
US7165174B1,0
US7171025B2,0
US7171044B2,0
US7171353B2,0
US7174565B2,0
US7178111B2,0
US7181387B2,0
US7183999B2,0
US7184950B2,0
US7188316B2,0
US7196258B2,0
US7197173B2,0
US7200530B2,0
US7200550B2,0
US7200576B2,0
US7200667B2,0
US7204409B2,0
US7206649B2,0
US7209889B1,0
US7231524B2,0
US7233229B2,0
US7236576B2,0
US7236950B2,0
US7239505B2,0
US7239805B2,0
US7240210B2,0
US7243102B1,0
US7246179B2,0
US7249280B2,0
US7251495B2,0
US7254569B2,0
US7254637B2,0
US7262700B2,0
US7263551B2,0
US7266548B2,0
US7269256B2,0
US7279629B2,0
US7281133B2,0
US7283841B2,0
US7283850B2,0
US7289976B2,0
US7292257B2,0
US7293017B2,0
US7296019B1,0
US7305437B2,0
US7307617B2,0
US7310100B2,0
US7313755B2,0
US7317914B2,0
US7321918B2,0
US7324671B2,0
US7328401B2,0
US7333464B2,0
US7334154B2,0
US7337147B2,0
US7339614B2,0
US7340376B2,0
US7340686B2,0
US7343384B2,0
US7345688B2,0
US7346610B2,0
US7349557B2,0
US7349953B2,0
US7353017B2,0
US7353266B2,0
US7355595B2,0
US7356547B2,0
US7358434B2,0
US7359362B2,0
US7359714B2,0
US7360152B2,0
US7363314B2,0
US7363357B2,0
US7363578B2,0
US7366654B2,0
US7366705B2,0
US7366944B2,0
US7376976B2,0
US7379447B2,0
US7379874B2,0
US7382260B2,0
US7383405B2,0
US7383503B2,0
US7389432B2,0
US7392046B2,0
US7395452B2,0
US7395507B2,0
US7396990B2,0
US7398250B2,0
US7401220B2,0
US7403642B2,0
US7406453B2,0
US7406517B2,0
US7408538B2,0
US7409719B2,0
US7412647B2,0
US7418389B2,0
US7418674B2,0
US7421455B2,0
US7424218B2,0
US7426734B2,0
US7427926B2,0
US7428626B2,0
US7429993B2,0
US7430719B2,0
US7432917B2,0
US7433838B2,0
US7434252B2,0
US7436300B2,0
US7437005B2,0
US7437751B2,0
US7439937B2,0
US7440728B2,0
US7441094B2,0
US7441151B2,0
US7447360B2,0
US7451432B2,0
US7454711B2,0
US7457825B2,0
US7457872B2,0
US7458894B2,0
US7460160B2,0
US7460730B2,0
US7461059B2,0
US7461170B1,0
US7463270B2,0
US7464103B2,0
US7464366B2,0
US7466244B2,0
US7467164B2,0
US7469011B2,0
US7472074B1,0
US7477233B2,0
US7477653B2,0
US7478326B2,0
US7478428B1,0
US7483944B2,0
US7487095B2,0
US7490109B1,0
US7490352B2,0
US7493390B2,0
US7493487B2,0
US7496830B2,0
US7499027B2,0
US7500150B2,0
US7502785B2,0
US7502849B2,0
US7505959B2,0
US7506052B2,0
US7506262B2,0
US7506269B2,0
US7506356B2,0
US7506364B2,0
US7508373B2,0
US7508419B2,0
US7509131B2,0
US7509286B1,0
US7512262B2,0
US7512601B2,0
US7512636B2,0
US7512889B2,0
US7512902B2,0
US7512957B2,0
US7515143B2,0
US7516478B2,0
US7519470B2,0
US7519551B2,0
US7519564B2,0
US7519720B2,0
US7522065B2,0
US7523222B2,0
US7523348B2,0
US7529302B2,0
US7529956B2,0
US7530029B2,0
US7533082B2,0
US7533189B2,0
US7536350B1,0
US7536469B2,0
US7536517B2,0
US7536635B2,0
US7536654B2,0
US7539472B2,0
US7539612B2,0
US7542882B2,0
US7542967B2,0
US7542969B1,0
US7543059B2,0
US7543073B2,0
US7543244B2,0
US7546529B2,0
US7546595B1,0
US7546623B2,0
US7548659B2,0
US7548895B2,0
US7548936B2,0
US7548948B2,0
US7552228B2,0
US7552430B2,0
US7554522B2,0
US7555484B2,0
US7555554B2,0
US7559053B2,0
US7562021B2,0
US7564377B2,0
US7565404B2,0
US7565535B2,0
US7565613B2,0
US7565640B2,0
US7567934B2,0
US7570816B2,0
US7571183B2,0
US7574530B2,0
US7576755B2,0
US7577198B2,0
US7577848B2,0
US7577918B2,0
US7580576B2,0
US7580932B2,0
US7581221B2,0
US7584093B2,0
US7584417B2,0
US7584505B2,0
US7587636B2,0
US7593333B2,0
US7593943B2,0
US7594177B2,0
US7594185B2,0
US7596597B2,0
US7596615B2,0
US7599438B2,0
US7599547B2,0
US7599901B2,0
US7599918B2,0
US7602756B2,0
US7603715B2,0
US7605714B2,0
US7605804B2,0
US7606714B2,0
US7610151B2,0
US7610344B2,0
US7612794B2,0
US7613426B2,0
US7613691B2,0
US7613750B2,0
US7614001B2,0
US7614043B2,0
US7616594B2,0
US7616692B2,0
US7617176B2,0
US7617232B2,0
US7619721B2,0
US7620773B2,0
US7620902B2,0
US7620987B2,0
US7620996B2,0
US7623550B2,0
US7623574B2,0
US7626598B2,0
US7627544B2,0
US7627561B2,0
US7627564B2,0
US7627812B2,0
US7629966B2,0
US7630522B2,0
US7630882B2,0
US7631015B2,0
US7631194B2,0
US7631291B2,0
US7632186B2,0
US7634407B2,0
US7634465B2,0
US7634717B2,0
US7634772B2,0
US7634785B2,0
US7634810B2,0
US7636657B2,0
US7636794B2,0
US7640272B2,0
US7643283B2,0
US7644077B2,0
US7644414B2,0
US7644427B1,0
US7647312B2,0
US7647331B2,0
US7647346B2,0
US7647400B2,0
US7647560B2,0
US7650575B2,0
US7653761B2,0
US7653794B2,0
US7653896B2,0
US7657255B2,0
US7657493B2,0
US7657845B2,0
US7659885B2,0
US7660047B1,0
US7660813B2,0
US7661088B2,0
US7663620B2,0
US7664067B2,0
US7665028B2,0
US7665131B2,0
US7668242B2,0
US7668537B2,0
US7669049B2,0
US7669219B2,0
US7671893B2,0
US7672931B2,0
US7673013B2,0
US7673255B2,0
US7676081B2,0
US7676365B2,0
US7676461B2,0
US7676517B2,0
US7676767B2,0
US7680814B2,0
US7680824B2,0
US7681143B2,0
US7681176B2,0
US7683889B2,0
US7684815B2,0
US7685201B2,0
US7685593B2,0
US7685635B2,0
US7686693B2,0
US7689408B2,0
US7689420B2,0
US7689421B2,0
US7689468B2,0
US7689615B2,0
US7689622B2,0
US7689676B2,0
US7689747B2,0
US7689998B1,0
US7693267B2,0
US7693719B2,0
US7693817B2,0
US7693818B2,0
US7693820B2,0
US7693939B2,0
US7693953B2,0
US7694236B2,0
US7698055B2,0
US7698336B2,0
US7698344B2,0
US7698513B2,0
US7698548B2,0
US7698660B2,0
US7702635B2,0
US7702681B2,0
US7702685B2,0
US7702798B2,0
US7702917B2,0
US7703036B2,0
US7703040B2,0
US7703047B2,0
US7706964B2,0
US7707034B2,0
US7712049B2,0
US7715353B2,0
US7715657B2,0
US7716283B2,0
US7716316B2,0
US7716411B2,0
US7716592B2,0
US7716660B2,0
US7720096B2,0
US7720282B2,0
US7721231B2,0
US7721301B2,0
US7722358B2,0
US7725703B2,0
US7734631B2,0
US7734945B1,0
US7738554B2,0
US7738884B2,0
US7739040B2,0
US7739622B2,0
US7747719B1,0
US7747966B2,0
US7751971B2,0
US7752034B2,0
US7752152B2,0
US7755786B2,0
US7756833B2,0
US7761290B2,0
US7761451B2,0
US7761503B2,0
US7761538B2,0
US7761812B2,0
US7765212B2,0
US7766794B2,0
US7769794B2,0
US7770100B2,0
US7770136B2,0
US7770165B2,0
US7774703B2,0
US7774830B2,0
US7775801B2,0
US7777648B2,0
US7778632B2,0
US7778984B2,0
US7779027B2,0
US7779353B2,0
US7783632B2,0
US7784065B2,0
US7788247B2,0
US7788499B2,0
US7788590B2,0
US7788592B2,0
US7792756B2,0
US7793230B2,0
US7802144B2,0
US7802246B1,0
US7809704B2,0
US7814111B2,0
US7818315B2,0
US7818396B2,0
US7836050B2,0
US7836504B2,0
US7840979B2,0
US7847789B2,0
US7848618B2,0
US7848880B2,0
US7849020B2,0
US7849462B2,0
US7865629B1,0
US7865868B2,0
US7873523B2,0
US7873959B2,0
US7876786B2,0
US7877404B2,0
US7880728B2,0
US7881315B2,0
US7885819B2,0
US7886024B2,0
US7886290B2,0
US7890472B2,0
US7890951B2,0
US7894650B2,0
US7895209B2,0
US7895309B2,0
US7895531B2,0
US7899788B2,0
US7899866B1,0
US7904875B2,0
US7907125B2,0
US7908660B2,0
US7912003B2,0
US7912503B2,0
US7912700B2,0
US7912921B2,0
US7913182B2,0
US7924272B2,0
US7925525B2,0
US7925996B2,0
US7928964B2,0
US7930183B2,0
US7930197B2,0
US7930322B2,0
US7930353B2,0
US7930427B2,0
US7933612B2,0
US7933632B2,0
US7933821B1,0
US7933946B2,0
US7933952B2,0
US7936341B2,0
US7937663B2,0
US7941399B2,0
US7956930B2,0
US7958193B2,0
US7961174B1,0
US7961463B2,0
US7962937B2,0
US7966305B2,0
US7970246B2,0
US7974974B2,0
US7983933B2,0
US7987496B2,0
US7991694B2,0
US7992085B2,0
US7994465B1,0
US7995649B2,0
US7996046B2,0
US7996228B2,0
US7996793B2,0
US8006180B2,0
US8010602B2,0
US8010822B2,0
US8012023B2,0
US8014308B2,0
US8015144B2,0
US8015563B2,0
US8018440B2,0
US8019667B1,0
US8020104B2,0
US8024112B2,0
US8027518B2,0
US8028250B2,0
US8041338B2,0
US8046424B2,0
US8051061B2,0
US8051362B2,0
US8055708B2,0
US8068121B2,0
US8073777B2,0
US8073926B2,0
US8077153B2,0
US8082258B2,0
US8086275B2,0
US8086672B2,0
US8090885B2,0
US8091065B2,0
US8094949B1,0
US8103247B2,0
US8103445B2,0
US8103725B2,0
US8104080B2,0
US8108623B2,0
US8111282B2,0
US8117441B2,0
US8117542B2,0
US8130828B2,0
US8140567B2,0
US8145532B2,0
US8150735B2,0
US8151333B2,0
US8154524B2,0
US8160063B2,0
US8166106B2,0
US8170656B2,0
US8171431B2,0
US8174508B2,0
US8175653B2,0
US8176438B2,0
US8190939B2,0
US8194001B2,0
US8205194B2,0
US8209664B2,0
US8214764B2,0
US8214813B2,0
US8219406B2,0
US8224652B2,0
US8225385B2,0
US8229509B2,0
US8229907B2,0
US8230061B2,0
US8238876B2,0
US8239785B2,0
US8239847B2,0
US8239882B2,0
US8255828B2,0
US8261213B2,0
US8265004B2,0
US8266592B2,0
US8269736B2,0
US8290926B2,0
US8291238B2,0
US8307412B2,0
US8307443B2,0
US8320621B2,0
US8352183B2,0
US8354806B2,0
US8355698B2,0
US8358975B2,0
US8368695B2,0
US8375302B2,0
US8400410B2,0
US8402096B2,0
US8464161B2,0
US8473778B2,0
US8473870B2,0
US8489331B2,0
US8494215B2,0
US8498100B1,0
US8521513B2,0
US8538960B2,0
US8539384B2,0
US8548494B2,0
US8560959B2,0
US8576276B2,0
US8578486B2,0
US8582206B2,0
US8584094B2,0
US8594467B2,0
US8612550B2,0
US8639625B1,0
US8670183B2,0
US8675067B2,0
US8687023B2,0
US8713535B2,0
US8719603B2,0
US8752963B2,0
US8793304B2,0
US8814691B2,0
US8830270B2,0
US8873227B2,0
US8896594B2,0
US8903430B2,0
US8964298B2,0
US9128281B2,0
US9129295B2,0
